authorId,name
2174071426,Jun Wook Heo
2211123747,G. Ramachandran
3352649,A. Dorri
2273364573,Raja Jurdak
2062347618,M. Lanza
145428675,A. Sebastian
145331607,W. Lu
8696815,M. Le Gallo
1739998,M. Chang
2349723,D. Akinwande
35863251,F. Puglisi
6440741,H. Alshareef
36523639,Meilin Liu
35004726,J. Roldán
2275816639,Cheng Zhang
26389920,Ranfeng Wu
1443762934,F. Sun
2108068425,Yisheng Lin
2279400791,Yizheng Zhang
2117874387,Yuan Liang
2275289397,Yiming Chen
2275193414,Jiongjiong Teng
2408580448,Zichen Song
2188367935,Na Liu
2237454298,Ouyang Qi
2072788970,Long Qian
2309658339,Hao Yan
2202644689,Shaopeng Wang
46701628,Xiuhai Mao
2278262617,Fei Wang
6278337,Xiaolei Zuo
2153501082,Chunhai Fan
1637489841,Andrea Doricchi
52129294,Casey M. Platnich
1960843123,Andreas L. Gimpel
146714837,F. Horn
2169661889,Max Earle
2188247966,Germàn Lanzavecchia
3914622,A. Cortajarena
1393630358,L. Liz‐Marzán
145639495,Reinhard Heckel
48560944,R. Grass
2202140,R. Krahne
3356500,U. Keyser
4903376,D. Garoli
2049071558,Junqing Lu
143808691,Jian Shen
46342348,P. Vijayakumar
2082427140,B. Gupta
2977540,Jianting Ning
2239534727,Xinyi Huang
2280613877,Willy Susilo
2505053,K. Liang
2248855298,Ximeng Liu
2239563444,Yinghui Zhang
2287942799,Ilan Shomorony
2139417155,Steven Gonzalez Monserrate
2051791774,Karishma Matange
143973917,James M. Tuck
37021971,Albert J. Keung
2154742781,Weigang Chen
1635504630,Mingzhe Han
2388685562,Jianting Zhou
2089054636,Q. Ge
2108355738,Panpan Wang
47957111,Xincheng Zhang
2110018952,Siyu Zhu
2040448821,Lifu Song
2158141874,Ying-jin Yuan
50037350,G. Molas
47019161,E. Nowak
2186480691,Mohan Naik Ramachandra
2200758545,Madala Srinivasa Rao
2150706913,W. Lai
65965701,P. Divakarachari
2200528122,J. A. Babu
2143272549,Hemalatha Kivudujogappa Lingappa
2084641984,Chao Pan
2052741859,S. K. Tabatabaei
41030007,S. H. Tabatabaei Yazdi
145338796,Alvaro G. Hernandez
2058171063,Charles M. Schroeder
1743831,O. Milenkovic
38697713,Bichlien H. Nguyen
35479753,Christopher N. Takahashi
2061294792,Gagan Gupta
2119125110,Jake A. Smith
2279833566,Richard Rouse
2142142532,Paul Berndt
1729804,S. Yekhanin
2056913832,David Ward
29865576,S. Ang
2362672699,Patrick Garvan
119935593,Hsing-Yeh Parker
2058303089,R. Carlson
52129431,Douglas M. Carmean
1717411,L. Ceze
145033446,K. Strauss
1515428357,Chengtao Xu
2084599260,Biao Ma
97709033,Z. Gao
93610956,Xing Dong
2112728651,Chao Zhao
2118902636,Hong Liu
2277231466,Martin Strohbach
2288855760,AS A Commodity
151480423,Chao Zhao
97233415,W. Liang
34548938,Yongkai Fan
69486668,Kuan Ching Li
40452934,Dafang Zhang
144086037,J. Gaudiot
2111374308,Zhen Hu
26961599,Xiongjian Huang
2218111,Zhengwen Yang
10956384,J. Qiu
2831226,Zhiguo Song
2108036030,Junying Zhang
104003244,G. Dong
51435615,J. Puebla
47964724,Junyeon Kim
32102344,K. Kondou
143674076,Y. Otani
46668050,C. C. A. Ng
38319302,W. Tam
2113972145,Haidi Yin
2115911400,Qian Wu
4968293,P. So
4633990,M. Wong
38983681,F. Lau
143639923,Z. Yao
1437984708,Philipp L Antkowiak
46759507,Jory Lietard
1796253611,Mohammad Zalbagi Darestani
4428768,M. Somoza
32073567,W. Stark
2336789,Ruinian Li
2746913,Tianyi Song
34312176,Bo Mei
46382448,Hong Li
143651788,Xiuzhen Cheng
2110651504,Limin Sun
145772858,Zhihan Lv
2116431916,Xiaoming Li
38929912,Haibin Lv
9138305,Wenqun Xiu
8336569,Kaikai Chen
5499803,Jinbo Zhu
1402971229,F. Bošković
9841411,Maowen Song
2119264540,Di Wang
46993938,Z. Kudyshev
145431225,Y. Xuan
4633411,Zhuoxian Wang
145921529,A. Boltasseva
2209029,V. Shalaev
2329819,A. Kildishev
73509301,Yeongjae Choi
5430731,Taehoon Ryu
31399475,A. C. Lee
2111389723,Hansol Choi
2143328859,Hansaem Lee
2109101709,Jaejun Park
51163989,Suk-Heung Song
2109559620,Seojoo Kim
114449847,Hyeli Kim
145720154,W. Park
88396204,Sunghoon Kwon
143826696,H. Tian
23180258,Fulin Nan
1917542,Chinchen Chang
1731776,Yongfeng Huang
2115403807,Jing Lu
2797933,Yongqian Du
2886004,Yuan-Jyue Chen
23757022,Lee Organick
1729912945,Callista Bee
48228869,Patrick A. Weiss
1770271879,Bill J Peck
49997612,Georg Seelig
2117689925,Xiao Lin
153240174,Jinpeng Liu
1752784087,Jianying Hao
2119043585,Kun Wang
2145793656,Yuanying Zhang
2155493162,Hui Li
2159065,H. Horimai
48391667,X. Tan
46875778,Yaya Hao
143768623,Qian Li
144593304,C. Fan
1810701173,Fei Wang
15994978,H. Bae
50403503,Daewon Lee
2058870027,Jinwoo Hyun
2110007025,Kibeom Kim
34708074,S. Yim
4194401,Ross M. McBee
117775217,A. Song
2128676469,Yiming Huang
47104434,Ravi U. Sheth
2108884106,Harris H. Wang
2955771,Yongjun Ren
1491631727,Y. Leng
8259409,Yaping Cheng
2143717442,Jin Wang
32697055,Randolph Lopez
150294933,Siena Dumas Ang
1721446,K. Makarychev
150228028,Miklós Z. Rácz
47170423,Sharon Newman
83674573,Ashley P. Stephenson
8810543,Max Willsey
2144355103,Yang Chen
144434220,Xiaodong Yang
2110618928,Jie Gao
34462159,Somnath Mazumdar
40596015,Daniel Seybold
1718383,K. Kritikos
74613241,Yiannis Verginadis
50596731,Jinglin Kong
14869064,N. Ermann
48627323,P. Predki
41211459,Chuzhe Tang
2115725948,Youyun Wang
1508399092,Zhiyuan Dong
1508456598,Gansen Hu
8491577,Zhaoguo Wang
2136369359,Minjie Wang
2118438836,Haibo Chen
84156264,Bijeta Seth
38298800,Surjeet Dalal
66519890,Vivek Jaglan
34956744,Dac-Nhuong Le
150302778,Senthilkumar Mohan
144369609,Gautam Srivastava
2151482262,Jinbo Yu
143908713,M. Luo
3233701,Ziyu Lv
2028636649,Shenming Huang
145862504,Hsiao-Hsuan Hsu
15902590,Chi‐Ching Kuo
6350222,Su‐Ting Han
49455213,Ye Zhou
40449507,Yang Yang
1678585,Xianghan Zheng
144560801,Wenzhong Guo
2790581,Ximeng Liu
2964485,Victor Chang
2108734743,Yixin Wang
1398730731,Md. Noor-A.-Rahim
143884284,E. Gunawan
1737045,Y. Guan
10310238,C. Poh
1843181,Jun-Song Fu
2144443688,Yun Liu
144861189,H. Chao
1712275,B. Bhargava
1831104,Zhenjiang Zhang
2108926998,Mingzhe Wang
2112667898,Qiuliang Zhang
35365766,Shengmei Luo
8274453,Guangyan Zhang
1980434,Chengwen Wu
1740261,S. Khan
2181606,Keqin Li
66770881,C. Döpke
50353334,T. Grothe
65827603,P. Steblinski
66552339,Michaela Klöcker
51312398,Lilia Sabantina
66760366,D. Kosmalska
49746834,T. Błachowicz
32559865,A. Ehrmann
145843577,Zheng Yan
2108025636,Lifang Zhang
2234493,Wenxiu Ding
50320297,Q. Zheng
2188986,V. Roy
1500391633,Tianli Zhou
143804003,C. Tian
88992497,Nezar Abdennur
1988955,L. Mirny
32007628,Yepeng Liu
1794206,S. Ji
3097765,A. K. Sangaiah
148090554,Steven A. Martens
1403183828,A. Landuyt
13669655,Pieter Espeel
2149535,B. Devreese
2267807,P. Dawyndt
145710659,F. D. Du Prez
50132502,Gediminas Mikutis
2108533,Marcin Wylot
1733076,M. Hauswirth
1393644275,P. Cudré-Mauroux
1783693,Sherif Sakr
120583577,Chun-qiang Hu
2157336893,Wei Li
1717436,Jiguo Yu
1712319,Shengling Wang
145149132,R. Bie
47495917,Saqib Ali
39749807,Guojun Wang
144249201,B. White
153845825,R. Cottrell
9184276,Jingqiang Liu
2185909463,Bin Li
2128705160,Lizhang Chen
2056835516,Meng Hou
51219112,Feiran Xiang
2118952667,Pei Wang
2148191,Yonggen Gu
2082467852,Dingding Hou
50172063,Xiaohong Wu
145122464,J. Tao
2108082483,Yanqiong Zhang
3310262,N. Chervyakov
24607843,M. Babenko
1382477905,A. Tchernykh
3091031,N. Kucherov
1404231550,Vanessa Miranda-López
1404340131,Jorge M. Cortés-Mendoza
2066759,W. A. Bhat
6665441,N. Riesen
2151355988,Xuanzhao Pan
14137449,K. Badek
34937333,Y. Ruan
5145583,T. Monro
6596422,J. Zhao
1422137269,H. Ebendorff‐Heidepriem
15026129,H. Riesen
66854220,S. M. Hossein
89579186,Tabatabaei Yazdi
1977220,Han Mao Kiah
2524198,Ryan Gabrys
52067079,Meinolf Blawat
2409499,K. Gaedke
3420596,I. Huetter
2261258206,Xiao-Ming Chen
3420734,B. Turczyk
4646498,Samuel A. Inverso
40194059,Benjamin W Pruitt
145892667,G. Church
5420249,Jiyoul Lee
7175581,A. V. van Breemen
7759325,V. Khikhlovskyi
30037096,M. Kemerink
144578395,R. Janssen
2975905,G. Gelinck
2118263792,Pan Yang
145826495,N. Xiong
46606113,Jingli Ren
65741963,Naresh Vurukonda
34873810,B. Rao
2262395240,Weixu Zhang
2262428111,Yifei Wang
2780420,Yuanfeng Song
119640702,Victor Junqiu Wei
2262253091,Yuxing Tian
2263500999,Yiyan Qi
2187095290,Jonathan H. Chan
2149809741,Raymond Chi-Wing Wong
2262442746,Haiqin Yang
2984224,Qinglei Kong
103073143,Rongxing Lu
144637915,M. Ma
3326354,Haiyong Bao
2115811945,Chi Zhang
144204299,J. Beetz
35195456,B. Vries
144094041,A. Ginsburg
88708678,B. SipHocz
2026495,C. Brasseur
68972297,P. Cowperthwaite
49691588,M. Craig
6647822,C. Deil
3971758,J. Guillochon
34689230,Giannina Guzman
70586503,Simon Liedtke
73215609,P. Lim
67133788,K. Lockhart
66772153,Michael Mommert
51931933,B. Morris
15001508,H. Norman
32818243,Madhura Parikh
2058369119,Magnus Persson
144512158,T. Robitaille
2640590,J. Segovia
20466176,L. Singer
2570783,E. Tollerud
1382576786,Miguel de Val-Borro
3422937,I. Valtchanov
7961622,J. Woillez
103064303,the Astroquery collaboration
1922254,S. Anders
2284953,P. Pyl
144493753,W. Huber
29930098,A. Oussous
49803125,Fatima-Zahra Benjelloun
1954569,A. A. Lahcen
48727673,Samir Belfkih
2840689,A. Callahan
1403851557,Jose Cruz-Toledo
1736389,M. Dumontier
2277396,Tobias Emrich
1688561,H. Kriegel
1718168,N. Mamoulis
1723035,M. Renz
3221975,Andreas Züfle
3691987,Jiwen Xin
143663903,Adam Mark
2045564,Cyrus Afrasiabi
46608884,Ginger Tsueng
5247991,Moritz Juchler
2065660620,N. Gopal
6365009,Gregory S. Stupp
49074845,Timothy Putman
3206528,Benjamin J. Ainscough
2529397,O. Griffith
3286188,A. Torkamani
1758453,P. Whetzel
52038267,C. Mungall
1712935,S. Mooney
1759053,A. Su
39929911,Chunlei Wu
36994619,A. Lysenko
2835741,Irina A. Roznovat
50701671,M. Saqi
48107154,A. Mazein
31590259,C. Rawlings
48662628,C. Auffray
3180386,C. Decleir
1799327,Mohand-Said Hacid
1715616,J. Kouloumdjian
1809305,Beth Plale
1718471,K. Schwan
2422788,Yaniv Erlich
1815791,Dina Zielinski
2116973473,Yongbo Yuan
145608508,Jian Ma
2153035978,Huimin Zhao
153797193,Henry H. Lee
50208985,Reza Kalhor
1991721,Naveen Goela
143642994,J. Bolot
3067179,Sriram Kosuri
4307708,E. Leproust
35248325,K. Spirin
3690407,H. McCuen
2056248304,Bridget Moore
4257342,Eugeni Namsaraev
3584723,M. Caruthers
2111120410,Xiaomeng Liu
119568108,Boya Wang
40915649,N. Athreya
2228277,Behnam Enghiad
47036130,Christopher J. Fields
145185780,J. Leburton
1788421,D. Soloveichik
145234273,Huimin Zhao
6954941,Kyle J. Tomek
108338565,Kevin Volkel
2077061487,Alexander Simpson
107614699,Austin G Hass
107837062,Elaine W. Indermaur
1742249767,Kevin N. Lin
2115905104,Yiming Dong
13132066,Zhi Ping
2400290632,Ouyang Qi
2111830587,Weida D. Chen
13163128,A. X. Kohll
2054454707,Julian Koch
144161012,K. Ramchandran
145748734,David Tse
30005167,Karl Maurer
2113691619,John Cooper
6923124,Marcelo Caraballo
3565949,James Crye
9246931,D. Suciu
4978603,A. Ghindilis
31566205,J. Leonetti
2158626502,Wei Wang
32041526,F. M. Rossi
5940138,A. G. Stöver
2055419594,Christopher Larson
90090634,Hetian Gao
47276848,K. Dill
40421664,A. Mcshea
2068075161,M. Ross
9438121,C. Russ
144022328,Maura Costello
39523838,A. Hollinger
3101872,N. Lennon
2097163703,Ryan Hegarty
5702201,C. Nusbaum
144094478,David B. Jaffe
49923227,Howon Lee
2082546149,Daniel J. Wiegand
91749308,Kettner Griswold
1403584652,Sukanya Punthambaker
40229119,Honggu Chun
4192540,Richie E. Kohman
1957273475,Rachel McAmis
2178439925,M. Gu
145309779,Xiangping Li
7186034,Yaoyu Cao
2056601553,J. Bonnet
5301973,Marthe Colotte
3547855,D. Coudy
3174987,V. Couallier
34242336,J. Portier
47563337,B. Morin
2238216721,Sophie Tuffet
2177027,M. Schirmer
1404735547,Rosalinda D'Amore
143971887,U. Ijaz
144941715,N. Hall
2717675,C. Quince
3500461,Seth L. Shipman
6450623,Jeff Nivala
4751593,J. D. Macklis
50144876,T. Laver
48276447,James W. Harrison
2060089560,P. O'Neill
2412944316,K. Moore
4662892,A. Farbos
48867640,Konrad H. Paszkiewicz
3168842,D. Studholme
6146590,Ryan D. Egeland
145756756,E. Southern
2823192,Youngjun Song
15319779,Sejung Kim
6771134,M. Heller
51258717,Xiaohua Huang
32338841,Bach Pham
2130345629,Jingqian Liu
9636579,Shubham Chandak
2130204335,Spencer A. Shorkey
2621073,A. Aksimentiev
144306089,Min Chen
51121714,Yinan Zhang
2490636,J. Chao
2112816472,Mo Xie
2145488741,Huajie Liu
51084285,M. Pan
6060282,Enzo Kopperger
2109010289,Xiaoguo Liu
1741697,Jiye Shi
46659377,Lihua Wang
144796701,Jun Hu
2144688935,Lianhui Wang
2635863,F. Simmel
2406564322,Jared T. Simpson
4584792,R. Workman
8481839,P. Zuzarte
144009578,Matei David
2170973,L. Dursi
2858002,W. Timp
47543622,Clemens Mayer
4538134,Gordon R. McInroy
31079182,Pierre Murat
8421942,Pieter Van Delft
48496663,S. Balasubramanian
2144335598,Haiyan Liu
2115502759,Lin Ma
15930388,Shenghao Xu
40629251,Wenhao Hua
2229453483,Ouyang Jin
3969859,C. Cao
66350730,Lucien F. Krapp
12755899,Abdelaziz Al Ouahabi
49084885,N. F. König
6218966,N. Cirauqui
2688641,A. Radenović
145770783,Jean‐François Lutz
2656250,M. D. Peraro
15419572,Tom van der Valk
6315007,P. Pečnerová
1403053739,D. Díez-del-Molino
47269529,Anders Bergström
40981109,Jonas Oppenheimer
3242976,S. Hartmann
7585463,G. Xenikoudakis
32862309,Jessica A. Thomas
1600675359,Marianne Dehasque
89652616,Ekin Sağlıcan
2070881135,Fatma Rabia Fidan
144040472,I. Barnes
8603320,Shanlin Liu
2997283,M. Somel
5783127,P. Heintzman
5487665,P. Nikolskiy
145762352,B. Shapiro
2466099,P. Skoglund
4768481,M. Hofreiter
2723511,A. Lister
5150249,A. Götherström
4699484,L. Dalén
2256718,W. Press
153724978,J. Hawkins
31454204,Stephen K. Jones
13087339,Jeffrey M. Schaub
4227848,I. Finkelstein
1473640431,Omer Sabary
1736016,Eitan Yaakobi
2418998,Alexander Yucovich
145847769,Kedar Tatwawadi
8991715,Billy T. Lau
51432431,Jay Mardia
15802324,M. Kubit
34640741,Joachim Neu
48921000,P. Griffin
1759738,Mary Wootters
4820756,T. Weissman
2291897,Hanlee P. Ji
2112282924,Xin Song
1749706,J. Reif
1744273,Mahdi Cheraghchi
144063841,João L. Ribeiro
12033657,Sundara Rajan Srinivasavaradhan
40528805,S. Gopi
143612347,H. Pfister
2269266,Gregory J. Puleo
2624553,N. Ivanova
2303996897,Masha Kuzmina
8393741,M. Ailenberg
2075857251,O. Rotstein
6481849,Justus M. Kebschull
3199565,A. Zador
49049685,Wenjing Pan
1421950641,M. Byrne-Steele
144493012,Chunlin Wang
1980425,Stanley Lu
5401625,Scott Clemmons
4627048,R. Zahorchak
47179746,Jian Han
145521126,Jerrod J Schwartz
2007777158,Choli Lee
2431330,J. Shendure
3422951,Y. Benjamini
2673932,T. Speed
145805254,J. Ruijter
25192229,C. Ramakers
5531230,W. Hoogaars
2774154,Y. Karlen
2060899091,O. Bakker
66538442,M. Hoff
145257059,A. Moorman
144147128,D. Bentley
2592629,H. Swerdlow
80130288,G. P. Smith
2060672902,J. Milton
33650524,Clive Brown
39493126,K. Hall
40654613,D. Evers
49161281,Colin L. Barnes
5475669,Helen Bignell
50453574,J. M. Boutell
145184761,J. Bryant
46359638,Richard J. Carter
36103861,R. K. Cheetham
47168378,A. Cox
49777011,D. Ellis
1404029372,Michael R. Flatbush
1819692,N. Gormley
4089015,S. Humphray
2354243354,L. Irving
4961013,Mirian Karbelashvili
40410655,Scott M. Kirk
47892183,Heng Li
49543104,Xiaohai Liu
4122218,K. Maisinger
38449392,L. Murray
47138957,B. Obradovic
4779838,T. Ost
144251479,M. Parkinson
145035432,Mark Pratt
49790064,I. Rasolonjatovo
2056783000,M. Reed
47838600,R. Rigatti
5413846,C. Rodighiero
46612806,M. Ross
11271863,A. Sabot
143996315,S. Sankar
48107993,A. Scally
34159250,G. Schroth
2216218044,Mark E. B. Smith
48166143,V. P. Smith
2264902200,A. Spiridou
1404029361,Peta E. Torrance
3248438,Svilen Tzonev
6883443,Eric H. Vermaas
35376885,Klaudia Walter
2144079375,Xiaolin Wu
47059271,Lu Zhang
120635280,Mohammed D. Alam
5519077,C. Anastasi
2340733760,I. Aniebo
2057422340,D. M. Bailey
2367419643,Iain Bancarz
102815945,Saibal Banerjee
38908518,Selena Barbour
3958090,P. Baybayan
1404029461,Vincent Benoit
1402474201,Kevin Benson
1403015444,Claire Bevis
49839457,Phillip J. Black
1404029315,Asha Boodhun
2258691387,Joe Brennan
48533237,J. Bridgham
1409700416,Rob C. Brown
2362309980,A. Brown
91329893,Dale H. Buermann
1404029299,Abass A. Bundu
97145500,James C. Burrows
32104947,N. Carter
2057535813,Nestor Castillo
6544850,M. C. E. Catenazzi
6360742,Simon Chang
2062680759,R. Cooley
1404029290,Natasha R. Crake
1402566563,Olubunmi O. Dada
1404029286,Konstantinos D. Diakoumakos
1403061812,Belen Dominguez-Fernandez
5712572,D. Earnshaw
1404029277,Ugonna C. Egbujor
121860003,Dave Elmore
102928210,S. Etchin
4041321,Mark Ewan
50448384,M. Fedurco
1404373179,Louise J. Fraser
8344534,K. F. Fajardo
14039457,W. S. Furey
46999008,Dave George
1404029332,Kimberley J. Gietzen
1401879860,Colin P. Goddard
6031450,G. Golda
1404029305,Philip A. Granieri
2113745923,David E. Green
31779105,D. Gustafson
34992034,Nancy F. Hansen
5597576,K. Harnish
48994035,C. Haudenschild
4728752,Narinder I. Heyer
3196922,Matthew M. Hims
2112615743,Johnny T. Ho
7326852,Adrian Horgan
1403740811,Katya Hoschler
2387284615,S. Hurwitz
2060136343,D. V. Ivanov
48389890,Maria Q. Johnson
49713129,Terena James
143862181,T. A. Jones
6445791,Gyoung-Dong Kang
1404029249,Tzvetana H. Kerelska
4521612,A. Kersey
6917556,I. Khrebtukova
6445550,A. Kindwall
4032531,Z. Kingsbury
1398792374,P. Kokko-Gonzales
2119322009,Anil Kumar
144971215,M. Laurent
153633955,C. Lawley
2108703664,Sarah E. Lee
2060144092,X. Lee
39041015,A. Liao
5614577,Jennifer A. Loch
1402589288,Mitch Lok
5786171,Shujun J Luo
1404029268,Radhika M. Mammen
2110235148,J. W. Martin
1404029365,P. McCauley
1582845087,P. McNitt
47676522,Parul Mehta
6829691,Keith Moon
1402605912,Joe W. Mullens
4556391,T. Newington
40138891,Z. Ning
9791253,B. Ng
4227733,Sonia M. Novo
2070834327,Michael J. O'neill
48234741,M. Osborne
4587030,A. Osnowski
1404029216,Omead Ostadan
1953012745,L. Paraschos
48047268,L. Pickering
47756045,Andrew C. Pike
145447917,A. Pike
1404029210,Daniel P. Pliskin
1404029342,Joe Podhasky
1404029219,Victor J. Quijano
1918769,C. Raczy
118809574,V. Rae
4178677,S. Rawlings
93045019,Ana Chiva Rodriguez
1420028191,Phyllida Roe
2113852923,J. Rogers
1404029458,M. C. Rogert Bacigalupo
2053107440,Nikolai Romanov
3982851,A. Romieu
37923050,Rithy K. Roth
1404029456,Natalie J. Rourke
1404029640,Silke T. Ruediger
1403608207,E. Rusman
1404029429,Raquel M. Sanches-Kuiper
69880386,M. Schenker
34633508,J. Seoane
2060343781,Richard Shaw
1404029431,Mitch Shiver
144048120,S. Short
5529169,N. Sizto
2093323834,Johannes P. Sluis
2130304479,M. A. Smith
91261593,J. S. Sohna
50770786,Eric Spence
2052857588,K. Stevens
6264149,Neil Sutton
1709693,L. Szajkowski
4470654,C. Tregidgo
2697292,G. Turcatti
6496106,S. Vandevondele
70284792,Yuli Verhovsky
46680962,S. Virk
94951598,S. Wakelin
1404029533,Gregory Walcott
2115634376,Jingwen Wang
49210562,G. Worsley
48270172,Juying Yan
2076256793,L. Yau
1404029407,Mike Zuerlein
145169401,J. Rogers
143999313,J. Mullikin
8215940,M. Hurles
1404029403,N. J. McCooke
2065163301,John S. West
4162694,F. Oaks
1403050963,Peter L. Lundberg
3157310,D. Klenerman
144187514,R. Durbin
2116584591,Anthony J. Smith
47234868,R. Roy
5083838,Anna Meszyńska
5055272,Chloé Laure
2301604,L. Charles
4842837,Claire Verchin
39667454,Matej Sack
6927605,N. Kretschy
2112015,B. Rohm
3494688,V. Somoza
49480879,Daniel Aird
123106866,Wei-Sheng Chen
38731146,Maxwell Danielsson
49209642,T. Fennell
4300871,A. Gnirke
2395389422,E. García
1979817,M. M. Najafabadi
2142983,Flavio Villanustre
1725285,T. Khoshgoftaar
1809915,Naeem Seliya
145539319,Randall Wald
50076239,Edin A. Muharemagic
2006808,Nawsher Khan
3264408,Ibrar Yaqoob
145963904,I. A. T. Hashem
1867416,Zakira Inayat
8060239,Waleed Kamaleldin Mahmoud Ali
2110011534,Muhammad Alam
2591617,M. Shiraz
143930319,A. Gani
35084211,M. Lewis
11323179,Yinhan Liu
39589154,Naman Goyal
2320509,Marjan Ghazvininejad
113947684,Abdel-rahman Mohamed
39455775,Omer Levy
1759422,Veselin Stoyanov
1982950,Luke Zettlemoyer
39172707,Jacob Devlin
1744179,Ming-Wei Chang
2544107,Kenton Lee
3259253,Kristina Toutanova
2265529718,S. V. D. Walt
2265529715,E. U. S. Chris Colbert
3025780,G. Varoquaux
66876582,Inria Saclay
3358466,R. Gentleman
33361123,V. Carey
2437910,D. Bates
47214302,B. Bolstad
34867444,M. Dettling
2225350,S. Dudoit
50265927,B. Ellis
47188358,L. Gautier
2547529,Yongchao Ge
1794050,Jeff Gentry
1764952,K. Hornik
1970375,T. Hothorn
2113566344,W. Huber
1760557,S. Iacus
2441164,R. Irizarry
49826711,F. Leisch
2133093554,Cheng Li
123915050,M. Maechler
30385000,A. Rossini
50632287,G. Sawitzki
2219327263,Colin Smith
2054782300,Gordon Smyth
3371112,L. Tierney
2109754522,J. Y. Yang
2108239502,Jianhua Zhang
3177317,R. Handsaker
2809474,Alec Wysoker
40062005,Jue Ruan
2410134,Nils Homer
2502758,Gabor T. Marth
1709121,G. Abecasis
13038211,J. C. Dohm
2212698,C. Lottaz
2496076,T. Borodina
2654510,H. Himmelbauer
39139825,Matthew E. Peters
50043859,Mark Neumann
2136562,Mohit Iyyer
40642935,Matt Gardner
143997772,Christopher Clark
4679615,Christy Agbavwe
1904680,Changhan Kim
4250982,DongGee Hong
1841902,K. Heinrich
2156633954,Tao Wang
2150986767,Miten Jain
1695694,S. Koren
2657340,K. Miga
114756777,J. Quick
47259000,Arthur C. Rand
5394001,T. Sasani
47210740,J. R. Tyson
39145197,A. Beggs
2065492,A. Dilthey
4638079,Ian T. Fiddes
4446316,S. Malla
40272321,Hannah Marriott
145525645,T. Nieto
1397949381,J. O’Grady
6395087,Hugh E. Olsen
2927177,Brent S. Pedersen
50419299,A. Rhie
47625782,H. Richardson
2422178,A. Quinlan
4717631,T. Snutch
2205408762,L. Tee
2053144,B. Paten
2468566,A. Phillippy
1965762,J. Simpson
2950704,N. Loman
47688065,M. Loose
2093348519,Jeremy Howard
2884561,Sebastian Ruder
5839477,B. Binkowski
153129185,K. Richmond
5802465,J. Kaysen
2147496,M. Sussman
3581739,P. Belshaw
2110883817,Kensuke Nakamura
3117144,T. Oshima
2723766,T. Morimoto
49953809,Shun Ikeda
1703206,H. Yoshikawa
4614912,Yuh Shiwa
2113839316,S. Ishikawa
5994762,Margaret C. Linak
2725970,Aki Hirai
2115368626,Hiroki Takahashi
1399354648,M. Altaf-Ul-Amin
49763711,N. Ogasawara
35149657,S. Kanaya
46236380,Alex Warstadt
50286460,Amanpreet Singh
3644767,Samuel R. Bowman
144906624,Alex Wang
38614754,Julian Michael
145783676,Felix Hill
81840293,Adina Williams
10666396,Nikita Nangia
2706258,Pranav Rajpurkar
2151810148,Jian Zhang
2787620,Konstantin Lopyrev
145419642,Percy Liang
2166511,R. Socher
24590005,Alex Perelygin
2110402830,Jean Wu
1964541,Jason Chuang
144783904,Christopher D. Manning
34699434,A. Ng
144922861,Christopher Potts
3995456,S. Hoshika
48182415,Nicole A. Leal
2110256906,M. Kim
16143095,Myong-Sang Kim
15501140,N. Karalkar
46696208,Hyo-Joong Kim
2073350471,Alison M. Bates
5941742,Norman E. Watkins
2132700239,Holly A. SantaLucia
5936994,A. Meyer
145878441,Saurja DasGupta
4227243,J. Piccirilli
3210657,A. Ellington
32891016,J. SantaLucia
3772863,M. Georgiadis
39873024,S. Benner
3186743,F. Nazarov
145613463,Y. Peres
14123214,Frederic Sala
3009788,Clayton Schoeny
1761279,L. Dolecek
4188077,I. Saaem
5707215,Siying Ma
40508329,Jiayuan Quan
6069914,Jingdong Tian
2279890,Jesse Dabney
87185505,M. Meyer
40193335,G. Cecchi
2003079,G. Stolovitzky
1762169,S. Blackburn
2082372,Rico Sennrich
2259100,B. Haddow
2539211,Alexandra Birch
5159648,Hwangbeom Kim
50434213,Hyojun Han
2110978911,J. Ahn
4734044,Joongoo Lee
50071458,Namjin Cho
47195899,H. Jang
2271565841,Hyoki Kim
2111731881,Sunghoon Kwon
38785045,Duhee Bang
38567484,A. Borovkov
35162378,A. Loskutov
46916141,Mark D. Robida
2071486632,Kristen M. Day
2057793141,J. A. Cano
15805488,Tien Le Olson
49782172,Hetal Patel
2117072336,Kevin M. Brown
40265787,Preston Hunter
12293312,K. Sykes
2875971,M. Quail
2116647037,Miriam Smith
6376433,P. Coupland
31705917,T. Otto
144875480,S. Harris
2655552,T. Connor
47079563,A. Bertoni
49986515,Yong Gu
3312480,F. Sanger
46272234,S. Nicklen
1684519,A. Coulson
50057877,M. Margulies
47830380,M. Egholm
49446402,William E. Altman
92030434,S. Attiya
2432399,J. Bader
6895282,Lisa A. Bemben
50159903,J. Berka
46838939,Michael S. Braverman
2142747508,Yi-Ju Chen
2144172609,Zhoutao Chen
6130571,Scott B. Dewell
51031808,Lei Du
101288800,J. M. Fierro
87358154,Xavier V. Gomes
2141537,B. Godwin
47079596,Wenshe He
3756675,S. Helgesen
114166209,Chun He Ho
2050383551,G. Irzyk
4450114,Szilveszter C. Jando
40796166,Maria L. I. Alenquer
4799415,T. Jarvie
4960052,K. Jirage
2145433798,Jong-Bum Kim
144612262,James R. Knight
114835396,Janna R. Lanza
5197551,J. Leamon
38772813,S. Lefkowitz
144554623,M. Lei
46275846,Jing Li
4380790,K. Lohman
2213584150,Hong Lu
6734894,V. Makhijani
5924130,K. McDade
144785092,M. McKenna
2145910,E. Myers
143724643,E. Nickerson
3779363,J. Nobile
4807653,Ramona Plant
6727527,Bernard P. Puc
153215371,Michael T. Ronan
5811028,G. T. Roth
39701283,G. Sarkis
2195607,J. Simons
145260587,J. W. Simpson
50522060,Maithreyan Srinivasan
6744284,K. Tartaro
143643117,A. Tomasz
2070429425,K. Vogt
35360106,G. Volkmer
2116876746,Shally H. Wang
2153952337,Yong Wang
144534479,M. Weiner
50598571,Pengguang Yu
39393441,R. Begley
47511243,J. Rothberg
144863691,Mandar Joshi
50536468,Danqi Chen
1780531,Daniel S. Weld
2334885409,Yukun Zhu
3450996,Ryan Kiros
1804104,R. Zemel
145124475,R. Salakhutdinov
2422559,R. Urtasun
143805211,A. Torralba
37895334,S. Fidler
2501321,Sebastian Barthel
50816443,Sebastian Palluk
4153505,N. Hillson
144485119,J. Keasling
4917876,Daniel H Arlow
145966834,Kendall Stewart
31942738,R. Fontana
46445069,G. Decad
38169182,A. Fabre
39900773,Aurélie Luis
4963992,A. Chandrasekaran
39147428,O. Levchenko
47908030,Dhruv S. Patel
26410709,Molly MacIsaac
39739273,Ken Halvorsen
143775533,A. Lenz
1414140481,I. Maarouf
1666187767,L. Welter
1388800239,A. Wachter-Zeh
1783687,E. Rosnes
3233575,A. G. Amat
2336094438,Guy Shapira
1739020,P. Siegel
51204141,M. Du
143813023,S. Diggavi
1762299,C. Fragouli
1686768,Wentu Song
3680574,K. Cai
116095429,K. S. Schouhamer Immink
38766791,Jin Sima
1694427,Netanel Raviv
143742406,Jehoshua Bruck
2052632302,W. Mao
2404352759,Sreeram Kannan
1797950,Mladen Kovačević
1717080,V. Tan
32838505,I. Otung
146515004,Dongzhao Ma
11350357,Xiaoluo Huang
48847662,Shihong Chen
41151728,Longying Liu
2282481785,Fei Guo
32009982,S. Zhu
145295899,Yue Shen
13267831,Christopher E. Arcadia
49735635,E. Kennedy
143633343,J. Geiser
80819745,Amanda Dombroski
114283913,Kady Oakley
153064600,S. Chen
145127067,Leonard W. Sprague
1491365816,Mustafa Ozmen
6114616,Jason K. Sello
38708261,P. Weber
143863049,S. Reda
2053633885,Christopher Rose
2117070198,Eunsuk Kim
38170810,B. Rubenstein
2318463,J. Rosenstein
2265875060,S. M. Hossein
2265911522,S. Kasra
117654428,W. Hinz
14691483,T. Rearick
2056701421,Jonathan Schultz
2094936402,W. Mileski
31582122,M. Davey
2109397961,Kim L. Johnson
2439940,M. J. Milgrew
2070773262,M. Edwards
2055393338,Jeremy Hoon
7194480,D. Marran
118298779,J. Myers
31684772,J. Davidson
2078364693,Annika Branting
2278386989,D. Light
50199073,T. Clark
2058155715,M. Huber
2227823583,Jeffrey T. Branciforte
2227815811,Isaac B. Stoner
145100997,S. Cawley
48650492,Michael R. Lyons
2448112,Yutao Fu
2004922980,Marina Sedova
2144082210,Xin Miao
2072267847,Brian D. Reed
3481337,Jeffrey Sabina
5704621,E. Feierstein
5395613,M. Schorn
7825863,Mohammad Alanjary
2350059,E. Dimalanta
3654608,D. Dressman
7988153,Rachel W. Kasinskas
7790976,T. Sokolsky
13569392,J. Fidanza
5261540,K. McKernan
2116170630,Alan Williams
145685883,J. Bustillo
2920537,O. Harismendy
2329892,P. Ng
47995088,R. Strausberg
2118775390,Xiaoyun Wang
32722789,Timothy B. Stockwell
32529715,K. Beeson
1864728,N. Schork
35113939,S. Murray
144758045,E. Topol
145498057,S. Levy
2315409,K. Frazer
2107655,Tamas Szalay
35012937,J. Golovchenko
35980495,Sara Goodwin
3229687,James Gurtowski
1422264652,Scott Ethe-Sayers
33206532,Panchajanya Deshpande
2205516,M. Schatz
145929040,W. McCombie
2291124438,David Deamer
7334045,A. Marziali
6138459,H. Bayley
2394486529,Steven A. Benner
11811074,Tom Z Butler
4700102,M. Ventra
6913699,D. Branton
6932954,S. Garaj
34550595,A. Hibbs
2253905871,Stevan B. Jovanovich
5005756,P. Krstic
47643645,S. Lindsay
89255466,X. Ling
2250166120,C. Mastrangelo
2316450,A. Meller
2105558310,John Oliver
52510819,Y. Pershin
144626239,J. Ramsey
47079636,R. Riehn
5678043,G. Soni
1401762782,Vincent Tabard-Cossa
4495244,M. Wanunu
47877828,M. Wiggin
3671226,J. Schloss
2262242466,M. Ramsey
143845796,Jeffrey Pennington
32301760,Gabor Angeli
4605601,J. Kasianowicz
5555859,E. Brandin
1823642,D. Deamer
2480903,Alexis Conneau
1743722,Douwe Kiela
144518416,Holger Schwenk
2934336,Loïc Barrault
1713934,Antoine Bordes
1831468,M. Akeson
39353098,Kaiming He
1771551,X. Zhang
3080683,Shaoqing Ren
145950802,D. Wheeler
37082667,Yufeng Shen
2146070995,Lei Chen
2565130,A. McGuire
40070219,Faheem Niazi
4860101,C. Turcotte
2244777840,J. R. Lupski
7779981,C. Chinault
40109219,Xing-Zhi Song
2119034193,Yue Liu
2112461340,Ye Yuan
6722187,L. Nazareth
143720212,X. Qin
2235321203,D. Muzny
2237388318,G. Weinstock
2249960925,Richard A. Gibbs
2243782670,Jonathan M. Rothberg
46522098,Xiaodong Liu
50462546,Pengcheng He
2109136147,Weizhu Chen
1800422,Jianfeng Gao
46724030,Daniel Matthew Cer
1700007,Mona T. Diab
1733049,Eneko Agirre
1405529953,I. Lopez-Gazpio
1702974,Lucia Specia
1979489,Kyunghyun Cho
3158246,B. V. Merrienboer
1854385,Çaglar Gülçehre
3335364,Dzmitry Bahdanau
2076086,Fethi Bougares
1751762,Yoshua Bengio
1718686,Y. Chee
1832676,Punarbasu Purkayastha
2047288855,Chengmin Wang
1756685,B. Walenz
2110132098,Jeffrey Martin
145602027,Jason T. Howard
3868409,Ganeshkumar Ganapathy
145660548,Zhong Wang
2061677,D. Rasko
1867639,E. Jarvis
2104690391,Nat. Biotechnol
41134345,B. Ewing
152216743,L. Hillier
1707033,M. Wendl
2265557922,Philip Green
1404958571,Tal Shinkar
145202870,Anindya De
1410077373,R. O'Donnell
1729835,R. Servedio
5557700,M. Matzas
3878606,P. Stähler
6864412,N. Kefer
4865918,N. Siebelt
3185090,Valesca Boisguérin
50250574,J. Leonard
87640208,A. Keller
48688133,C. Stähler
46445014,P. Häberle
3304700,B. Gharizadeh
3691346,F. Babrzadeh
4983187,I. Kozarewa
34553420,M. Sanders
1776085,M. Berriman
32326613,D. Turner
2256594147,Heng Li
2252380288,Jue Ruan
2249788102,Richard Durbin
1388360943,Rami Al-Rfou
51221461,Dokook Choe
40832517,Noah Constant
51150315,Mandy Guo
145024664,Llion Jones
3422908,Robin Jia
8672550,Pavani Yashodha De Silva
7372106,G. U. Ganegoda
2072400,E. Nuwaysir
2152492080,Wei Huang
3257938,T. Albert
4387477,Jaz Singh
5214899,Kate Nuwaysir
96961295,A. Pitas
2019607,T. Richmond
93990222,T. Gorski
143997169,J. P. Berg
33043391,Jeff D. Ballin
152335239,M. McCormick
33964304,J. Norton
97504631,Tim E Pollock
5942157,Terry Sumwalt
39382126,Lawrence L. Butcher
2082672442,Dean Porter
145414269,Michael Molla
2070678569,Christine Hall
2076681057,F. Blattner
40605478,Rodney Wallace
1934199,F. Cerrina
2072877186,R. Green
1746931,S. Bilotta
1748706,E. Pergola
1691589,R. Pinzani
37448415,M. Fuhrmann
2071585945,W. Oertel
50188460,Peter Berthold
5888669,P. Hegemann
1702469,Susan M. Huse
37280681,J. Huber
2247638,H. Morrison
3132256,M. Sogin
35589973,D. Welch
7457090,Zachary L. Wescoe
30932674,Jacob Schreiber
36444101,A. Laszlo
4379557,I. Derrington
33324038,Brian C. Ross
4469178,H. Brinkerhoff
5552754,Andrew C. Adey
4311391,Ian C. Nova
46733567,Jonathan M. Craig
4215956,Kyle W. Langford
51034813,J. Samson
49491404,R. Daza
39780446,Kenji Doering
2264909332,Jay Shendure
4741728,J. Gundlach
145993722,N. Holden
1684858,Robin Pemantle
31332532,Joshua Brakensiek
2097705,Ray Li
8802599,B. Spang
1402680837,L. Ein-Dor
2051575,I. Kela
2110594,G. Getz
2245761660,David Givol
2426224,E. Domany
13070498,A. See
35025299,Peter J. Liu
26997985,Vid Kocijan
100797192,Ana-Maria Cretu
3317152,Oana-Maria Camburu
15923813,Yordan Yordanov
1690572,Thomas Lukasiewicz
51428394,Alexei Baevski
2068070,Sergey Edunov
2325985,Michael Auli
2890423,Eunsol Choi
3382568,Adam Trischler
2116678322,Tong Wang
2854297,Xingdi Yuan
2116842263,Justin Harris
2041695,Alessandro Sordoni
143902541,Philip Bachman
2987426,Kaheer Suleman
3377142,Prajit Ramachandran
2827616,Quoc V. Le
145762466,A. Korhonen
145585097,Bridger Waleed Ammar
1857797,Chandra Bhagavatula
39071178,R. Power
2298649,Oren Melamud
34508613,J. Goldberger
7465342,Ido Dagan
1802969,Ciprian Chelba
2047446108,Tomas Mikolov
144927151,M. Schuster
2055641376,Qi Ge
1784037,T. Brants
152124726,P. Koehn
144711425,T. Robinson
2116927,John Blitzer
143957226,Ryan T. McDonald
145366908,Fernando C Pereira
145157221,E. Tjong Kim Sang
2105414,F. D. Meulder
2939803,R. Collobert
145183709,J. Weston
52184096,L. Bottou
21432929,Michael Karlen
2645384,K. Kavukcuoglu
46283650,Pavel P. Kuksa
144865353,B. Pang
145810617,Lillian Lee
2583391,Nal Kalchbrenner
1685771,Phil Blunsom
33493200,Tsung-Yi Lin
145854440,M. Maire
50172592,Serge J. Belongie
48966748,James Hays
1690922,P. Perona
1770537,Deva Ramanan
3127283,Piotr Dollár
1699161,C. L. Zitnick
2266821525,Brent Ewing
3323275,Kishore Papineni
46924970,Salim Roukos
144582029,T. Ward
2587983,Wei-Jing Zhu
1821711,Thang Luong
143950636,Hieu Pham
144422314,Matthew Richardson
2676309,C. Burges
1859813,Erin Renshaw
2154179,V. Levenshtein
2271847,Carmen Banea
1748501,Claire Cardie
1403836100,Aitor Gonzalez-Agirre
2579583,Weiwei Guo
145557251,Rada Mihalcea
1785173,German Rigau
144120827,Janyce Wiebe
144069120,Alex Zhai
39913789,D. Zerbino
1702103,E. Birney
1701451,Ramesh Nallapati
145218984,Bowen Zhou
1790831,C. D. Santos
144028698,Bing Xiang
1864353,Edward Grefenstette
1857734,Guokun Lai
1912046,Qizhe Xie
2391802,Hanxiao Liu
35729970,Yiming Yang
144547315,E. Hovy
40170001,Ofir Press
145128145,Lior Wolf
2354728,A. Karpathy
48004138,Li Fei-Fei
40608686,Yangfeng Ji
144154709,Jacob Eisenstein
83415753,W. Dolan
2596310,Chris Quirk
3125776,Chris Brockett
3327459,Rabih Zbib
34227637,Zhongqiang Huang
2889416,Thomas Lamar
35442155,R. Schwartz
10080270,J. Makhoul
1745699,M. Mitzenmacher
2990151,M. Frith
38550057,Michiaki Hamada
145592551,P. Horton
35188630,George E. Dahl
144580027,Dong Yu
144718788,L. Deng
1723644,A. Acero
2314850892,Olga Russakovsky
153302678,Jia Deng
144914140,Hao Su
2285165,J. Krause
145031342,S. Satheesh
2261887230,Sean Ma
3109481,Zhiheng Huang
2556428,A. Khosla
145879842,Michael S. Bernstein
39668247,A. Berg
20851195,Kazuma Hashimoto
2228109,Caiming Xiong
143946906,Yoshimasa Tsuruoka
1771118,J. Wieting
143977268,Mohit Bansal
1700980,Kevin Gimpel
2924113,Karen Livescu
38367242,Yoon Kim
2262249,Yacine Jernite
1746662,D. Sontag
2531268,Alexander M. Rush
143913305,W. Kent
48188880,M. Marelli
2486762,L. Bentivogli
145283199,Marco Baroni
145040726,R. Bernardi
2644577,Stefano Menini
2713535,Roberto Zamparelli
38666915,D. Klein
40756403,Jason Bolton
152857609,Sébastien Jean
1710604,R. Memisevic
1701686,I. Sutskever
1689108,O. Vinyals
2563432,Wojciech Zaremba
1755162,Philipp Koehn
152378023,Hieu T. Hoang
1763608,Chris Callison-Burch
102811815,Marcello Federico
1895952,N. Bertoldi
46898156,B. Cowan
2529583,Wade Shen
2055137469,C. Moran
1983801,Richard Zens
1745899,Chris Dyer
143832874,Ondrej Bojar
2057195055,Alexandra Constantin
2082901914,Evan Herbst
8419159,S. Kurtz
2364079,A. Delcher
1929782,M. Smoot
144130436,M. Shumway
69410335,C. Antonescu
1744109,S. Salzberg
3295092,S. Chopra
2574060,Christian Szegedy
2157222093,Wei Liu
39978391,Yangqing Jia
3142556,P. Sermanet
144828948,Scott E. Reed
1838674,Dragomir Anguelov
1761978,D. Erhan
2657155,Vincent Vanhoucke
39863668,A. Rabinovich
2983898,Ross B. Girshick
7408951,Jeff Donahue
1753210,Trevor Darrell
153652147,J. Malik
1882597,M. Kelbert
3102190,Y. Suhov
8421815,Kai Sheng Tai
2068187980,Alice Lai
3118681,J. Hockenmaier
2002316,F. Och
2241944616,Daniel Marcu
5030386,A. Bryksin
13122069,I. Matsumura
6590224,E. Manrao
6050710,Mikhail Pavlenok
4695117,M. Niederweis
4129282,B. Flusberg
26382803,Dale R. Webster
2108461484,Jessa Lee
49296459,K. Travers
7369583,Eric C. Olivares
1871114,Tyson A. Clark
2499173,J. Korlach
144171082,S. Turner
3323467,Mahed Abroshan
145720083,R. Venkataramanan
1694196,A. G. Fàbregas
102849734,Zachary Chase
2510572,R. Lyons
2318591096,Ben Langmead
2244164,C. Trapnell
144538650,Mihai Pop
39894225,G. Sutton
3110574,L. Feuk
48190261,A. Halpern
2071292,Nelson Axelrod
2144375233,Jiaqi Huang
3088257,E. Kirkness
37258931,Gennady Denisov
2144106942,Yuan Lin
2392260727,J. MacDonald
2227382780,Andy Wing
2362534889,Chunrong Pang
3521538,M. Shago
4563844,Alexia Tsiamouri
7553330,V. Bafna
35448818,V. Bansal
33807385,S. Kravitz
3043602,D. Busam
48004049,T. McIntosh
2352689,K. Remington
1796137,J. F. Abril
2246434546,J. Gill
47320247,Jon Borman
117589306,Y. Rogers
46615956,M. Frazier
1818316,S. Scherer
2520450,J. Craig Venter
2030753,A. Barski
5685285,Suresh Cuddapah
2431752,Kairong Cui
2583056,Tae-Young Roh
2352476,Dustin E. Schones
2108179957,Zhibin Wang
143728878,Gang Wei
3240249,I. Chepelev
145207265,K. Zhao
4870074,H. Peckham
152475471,G. Costa
31613255,Stephen McLaughlin
5833197,Eric F. Tsung
6971901,C. Clouser
40418603,C. Duncan
8985440,J. Ichikawa
5990782,Clarence C Lee
2148905908,Zheng Zhang
46899311,S. Ranade
2424851,F. Hyland
2152838865,Lei Zhang
26367014,A. Sheridan
144371174,Hao Fu
40496738,C. Hendrickson
2185912037,Bin Li
88991783,L. Kotler
143956196,Jeremy R Stuart
40097979,J. Malek
38951338,J. Manning
2887711,A. Antipova
145004003,D. S. Perez
2117173925,Michael P. Moore
40531843,K. Hayashibara
49604248,Robert E. Beaudoin
2061441441,B. E. Coleman
8545214,M. Laptewicz
8920236,Adam E Sannicandro
4577958,Michael D. Rhodes
82981963,Rajesh Gottimukkala
49081047,Shan Yang
144563239,A. Bashir
48069266,A. MacBride
2178851,C. Alkan
36063428,J. Kidd
145440427,E. Eichler
2091963,M. G. Reese
2222416,F. M. De La Vega
32014601,A. Blanchard
2323658448,G. Hinton
2286434959,L. Deng
2259645624,Abdel-rahman Mohamed
3111912,N. Jaitly
33666044,A. Senior
14902530,Patrick Nguyen
1784851,Tara N. Sainath
2343639834,Brian Kingsbury
1765329,Taku Kudo
2113584859,John Richardson
2884373,J. Elman
1726415,Alexander Toshev
1751569,Samy Bengio
1379953252,Wang Ling
1690706,A. Black
1691021,Isabel Trancoso
3394760,Ramón Fernández Astudillo
1840645,Silvio Amir
1728026,Luís Marujo
2979183,Tiago Luís
48799969,Matthew D. Zeiler
2276554,R. Fergus
1760868,M. Surdeanu
144661918,John Bauer
2784228,J. Finkel
2105138,Steven Bethard
2240597,David McClosky
1941442,Jianpeng Cheng
145307652,Li Dong
1747893,Mirella Lapata
2052690705,Peter Young
2170746,Micah Hodosh
1753223,Alex Graves
40360972,Abdel-rahman Mohamed
1695689,Geoffrey E. Hinton
2153901204,Xin Li
144590225,Dan Roth
2380898326,Varun Manjunatha
1389036863,J. Boyd-Graber
1722360,Hal Daumé
1762757,Roi Reichart
2070640,C. Sugnet
1716986,T. Furey
2295905430,Krishna M. Roskin
47077632,Tom H. Pringle
3018206,A. Zahler
1733689,D. Haussler
37019006,A. Krishnamurthy
143764713,A. Mazumdar
144078750,A. Mcgregor
26322839,S. Pal
51108938,F. Ban
2145307359,Xi Chen
37943598,Adam Freilich
1739180701,S. Sinha
1706809,Marc'Aurelio Ranzato
3089272,R. Monga
145139947,M. Devin
32131713,G. Corrado
2118440152,Kai Chen
49959210,J. Dean
1782282,Evan Shelhamer
3049736,Sergey Karayev
2117314646,Jonathan Long
1687120,S. Guadarrama
1700187,Anders Søgaard
79775260,Yoav Goldberg
2329288,Piotr Bojanowski
3024698,Edouard Grave
2319608,Armand Joulin
2835963,A. Razavian
2622491,Hossein Azizpour
50626295,Josephine Sullivan
153120475,S. Carlsson
2113221447,Hai Wang
145689002,David A. McAllester
1689647,Peter D. Turney
1990190,Patrick Pantel
50812138,Lifeng Shang
11955007,Zhengdong Lu
49404233,Hang Li
145410481,Sergio Jiménez
50195537,George Dueñas
3911267,J. Baquero
1747784,Alexander Gelbukh
144096985,G. Miller
145938140,Nadir Durrani
1702066,Kenneth Heafield
1895356,D. Ciresan
2514691,U. Meier
145341374,J. Schmidhuber
2702980,N. Pham
2067996,Germán Kruszewski
2672644,Angeliki Lazaridou
2156201,M. Maritxalar
2962373,Larraitz Uria
3103594,Sungjin Ahn
40348417,Ashish Vaswani
2651937,Yinggong Zhao
2372307,Victoria Fossum
145287425,David Chiang
2100019,Rudolf Kadlec
8649018,Martin Schmid
3363139,Ondrej Bajgar
1773749,Jan Kleindienst
51112060,Sami Davies
11063375,Miklós Z. Rácz
3125805,Cyrus Rashtchian
1708114,K. Erk
1708581,Sebastian Padó
1760871,Aaron C. Courville
145467703,P. Vincent
2790926,Mrinmaya Sachan
89890133,Kumar Avinava Dubey
143977260,E. Xing
2038285,Alessandro Lenci
145505048,Georgiana Dinu
143668305,Miguel Ballesteros
144365875,Noah A. Smith
145727038,I. Krasikov
2951440,Y. Roditty
145322333,H. Ney
40362488,Lisa Hartung
1750652,Jonathan Berant
3052879,Vivek Srikumar
2158502941,Pei-Chun Chen
1824195,Abby Vander Linden
144521450,Brittany Harding
2110381942,B. Huang
48323507,Peter Clark
145148360,L. Hirschman
144267118,M. Light
1798895,Eric Breck
5416402,J. Burger
3035541,Klaus Greff
2100612,R. Srivastava
2865775,Jan Koutník
1714059,Bas R. Steunebrink
2130418538,Jiang Zhao
2142229772,Tiantian Zhu
143745020,Man Lan
1836606,T. Landauer
1728602,S. Dumais
2188620,Yaniv Taigman
41216159,Ming Yang
1947267,Michel Galley
1681543,G. Zweig
1805699,S. F. Altschul
1818825,W. Gish
145011589,W. Miller
1816655,D. Lipman
30345804,J. Senecal
2059149862,A. Chou
34765463,Roy Frostig
1740765,Y. Singer
6803671,L. Gambardella
50506272,V. Pham
2156685,Christopher Kermorvant
2373952,J. Louradour
145592791,Polina Kuznetsova
2004053,Vicente Ordonez
1685538,Tamara L. Berg
1699545,Yejin Choi
2546951,L. Vilnis
2555924,Andrew M. Dai
1944541,R. Józefowicz
3292652,Rajen Chatterjee
3359291,C. Federmann
1839533,Matthias Huck
2140238,Chris Hokamp
145089549,V. Logacheva
1696402,Christof Monz
2138026,Matteo Negri
38842528,Matt Post
2797847,Carolina Scarton
145862931,Marco Turchi
2108860856,Xiaodong Liu
144137069,Xiaodong He
1800354,Kevin Duh
30844359,Ye-Yi Wang
40511414,Myle Ott
144270981,Angela Fan
39793298,Sam Gross
144055124,Nathan Ng
2529182,David Grangier
2380885,Danilo Giampiccolo
2238231938,Bernardo Magnini
47709773,H. Rubenstein
1898344,J. Goodenough
32355580,L. Claudino
2234342,Lisa Anne Hendricks
34849128,Marcus Rohrbach
1811430,Subhashini Venugopalan
2903226,Kate Saenko
2860351,Will Y. Zou
2110909951,Stanley F. Chen
50126864,Joshua Goodman
144729897,Ankur P. Parikh
2556289,Oscar Täckström
143790066,Dipanjan Das
39328010,Jakob Uszkoreit
49336604,Wenhui Wang
144610884,Nan Yang
49807919,Furu Wei
39488576,Baobao Chang
143849609,M. Zhou
1830914,Guillaume Lample
50324141,Sandeep Subramanian
2189948,Kazuya Kawakami
2108925678,Rie Johnson
50728655,Tong Zhang
2467508,Tal Linzen
2202008,Emmanuel Dupoux
38956216,Lili Mou
1818378366,Hao Peng
1410115257,Ge Li
48615144,Yan Xu
2156144568,Lu Zhang
1700880,Zhi Jin
2227827,Tsendsuren Munkhdalai
145174375,Hong Yu
24339276,Jon Gauthier
2188497,Abhinav Rastogi
47495799,Raghav Gupta
2345617,Orhan Firat
1395619597,Nicolas Boulanger-Lewandowski
1996134,Razvan Pascanu
2157958,Michael J. Denkowski
1784914,A. Lavie
3017324,Katja Filippova
1783941,Y. Altun
8137017,Ramakrishna Vedantam
153432684,Devi Parikh
2552871,Elia Bruni
39903329,N. Tran
143707112,M. Collins
1784777,M. Sadrzadeh
144523372,S. Clark
3326718,B. Coecke
50419262,S. Pulman
40599257,Jianxiong Xiao
1865091,Krista A. Ehinger
143868587,A. Oliva
50369944,Desmond Elliott
143694777,Frank Keller
2862871,M. Salzmann
144633696,Austin Matthews
49610089,Andrei Alexandrescu
1783839,K. Kirchhoff
145848824,Karen Spärck Jones
1762744,A. Stolcke
2110759501,Ankush Gupta
1694502,C. V. Jawahar
2921469,Yann Dauphin
2064348170,C. Buck
1725514,Johannes Leveling
1758528,Pavel Pecina
1404569159,Herve Saint-Amand
1737285,Radu Soricut
2211536,Ales Tamchyna
6783896,T. Wicker
4360610,E. Schlagenhauf
145452378,A. Graner
2953477,T. Close
145096244,B. Keller
145778478,N. Stein
1752875,Yelong Shen
2378954,Xuezhe Ma
145755155,Martha Palmer
2489901,Paul R. Kingsbury
1793218,D. Gildea
1565641737,François Chollet
49178343,Jie Zhou
2112866139,Ying Cao
2108084524,Xuguang Wang
144326610,Peng Li
145738410,W. Xu
1749837,Eugene Charniak
145177220,Mark Johnson
48872685,Sewon Min
4418074,Minjoon Seo
2548384,Hannaneh Hajishirzi
143983679,Gao Huang
2109168016,Zhuang Liu
7446832,Kilian Q. Weinberger
144861196,Zhao Meng
2055863231,Rui Yan
2992833,Shuohang Wang
144924150,Jing Jiang
2143684464,Yi Yang
144105277,Wen-tau Yih
50004012,Christopher Meek
2386020817,Jiwei Li
1707242,Minh-Thang Luong
1746807,Dan Jurafsky
2054165706,Sergey Ioffe
1789737,Jonathon Shlens
3282833,Z. Wojna
2335225,Lev-Arie Ratinov
2075292388,P. Liang
1685978,B. Taskar
2113484216,Hao Fang
144157872,Saurabh Gupta
3346186,F. Iandola
49501003,Margaret Mitchell
144189092,John C. Platt
2070318426,Victor Guimarães
2052473561,Jason P. C. Chiu
143662759,Eric Nichols
1790580,Bharath Hariharan
1778133,Pablo Arbeláez
143751119,Jitendra Malik
21308992,Steven Bird
47447639,Rui Men
2118039966,Yan Xu
3461596,Johan Bos
1686341,K. Markert
2064150446,Adam Fisch
2801949,Aishwarya Agrawal
8553015,Jiasen Lu
1963421,Stanislaw Antol
2067793408,Margaret Mitchell
1746610,Dhruv Batra
30424564,W. Xu
1734174,Mitchell P. Marcus
1744313,L. Ramshaw
1732071,R. Weischedel
2117103358,Yu Sun
3371029,Daniel Sedra
3319373,Dirk Weissenborn
39344644,Georg Wiese
9704479,Laura Seiffe
34979516,Daniel Hewlett
8651990,Alexandre Lacoste
3443442,I. Polosukhin
3240386,Andrew Fandrianto
2348488953,Jay Han
2554321,Matthew Kelcey
39835551,David Berthelot
8387085,Zichao Yang
2022168,Diyi Yang
46234526,Alex Smola
1782178,S. Buchholz
2421691,Po-Sen Huang
3043830,Yiming Cui
46842323,Z. Chen
144572674,Si Wei
2108620507,Shijin Wang
40282288,Ting Liu
40936264,Guoping Hu
34994191,Bhuwan Dhingra
2109512754,Zhilin Yang
50056360,William W. Cohen
2089067,Yoav Goldberg
1693407,K. Crammer
1707117,Radu Florian
1683685,Abraham Ittycheriah
40544823,Hongyan Jing
2117881943,Tong Zhang
1690956,Dekang Lin
39096001,Xiaoyun Wu
1764761,Ken Chatfield
34838386,K. Simonyan
1687524,A. Vedaldi
1688869,Andrew Zisserman
1746841,Nicolas Usunier
38431523,Siwei Lai
8540973,Liheng Xu
2200096,Kang Liu
1390572170,Jun Zhao
145045509,David Weiss
114577307,Chris Alberti
123052390,Michael Collins
1754497,Slav Petrov
1748118,J. Bilmes
2127604,Soumith Chintala
1688882,Yann LeCun
144915758,James Henderson
2244184,Kenneth Ward Church
145165877,Patrick Hanks
1727837,Enrique Alfonseca
32580243,Keith B. Hall
3228765,Jana Kravalova
1724629,Marius Pasca
2078619062,Aitor Soroa Etxabe
1802811,D. Widdows
83368021,Zheng Ye
3336895,Johannes Bjerva
3449407,Rob van der Goot
2742475,M. Nissim
3456592,Sosuke Kobayashi
2066087250,Ran Tian
1764004,Naoaki Okazaki
3040648,Kentaro Inui
145095579,L. Yao
1730844,Atousa Torabi
2482072,Nicolas Ballas
1972076,C. Pal
1777528,H. Larochelle
144720379,Alexandre Passos
2112232561,Vineet Kumar
143753639,A. McCallum
143818235,Andrew Carlson
31779043,J. Betteridge
2237644907,B. Kisiel
1717452,Burr Settles
2381387562,Estevam R. Hruschka
2237646190,Tom M. Mitchell
39483833,Duyu Tang
152277111,Bing Qin
35660011,Julian McAuley
1702139,J. Leskovec
1681054,H. Jégou
1723883,Florent Perronnin
3271933,Matthijs Douze
143995443,Jorge Sánchez
144565371,P. Pérez
2462253,C. Schmid
2111892870,Hua He
145580839,Jimmy J. Lin
1749194,Collin F. Baker
2912454,C. Fillmore
1406118956,John B. Lowe
2134433,Sergey Zagoruyko
2505902,N. Komodakis
3016273,Jiatao Gu
2052674293,V. Li
2129425,Denis Paperno
3422089,Q. N. Pham
3422247,Sandro Pezzelle
1807810,Gemma Boleda
144151273,R. Fernández
3024630,Hai Leong Chieu
34789794,H. Ng
2066721,Shivakumar Vaithyanathan
1781574,Chin-Yew Lin
2112400,Jacob Andreas
145920653,Samer Hassan
2095398,Alexander Budanitsky
145036961,Graeme Hirst
1733593,J. Curran
2085030,M. Moens
1685010,J. Gauvain
5547937,K. Rothenhäusler
144418438,Hinrich Schütze
39939186,Yue Zhang
1720988,Joakim Nivre
38759328,Peter Shaw
3376845,A. Kuncoro
1999488,M. Harper
37157794,Leon Barrett
3323298,R. Thibaux
2596816,L. Smith
47392513,Jonathan Baxter
143794227,Xing Shi
8350409,Inkit Padhi
152971314,Kevin Knight
3280967,Carson T. Schütze
3257930,Bill MacCartney
